d67c6a0e6cc5fdede02a7932d4e3401d3b4649d25465f89b205bf556a07ae721,2021-02-15 03:48:14 AM,Withdrawal,15
8897b544bcd23cc7dd51ca2f932813d8513d2a53ae87c54398a2a8c1d2c1021d,2021-02-15 09:12:28 AM,Withdrawal,15
09bb1818b783404a6436ec176e07070323b58537035f6d3360043c3d8b333b14,2021-02-15 12:54:57 PM,Withdrawal,46
d7d1d82915bdd7ce3050117fcdc9d778485c4e7ab87f7dc8fdd19d9b04558a51,2021-02-15 07:49:55 PM,Withdrawal,15
d67c6a0e6cc5fdede02a7932d4e3401d3b4649d25465f89b205bf556a07ae721,2021-02-15 08:04:22 PM,Deposit,38
09bb1818b783404a6436ec176e07070323b58537035f6d3360043c3d8b333b14,2021-02-15 10:21:04 PM,Withdrawal,15
4ea3e41b6c50b7fdef271511f9ab8cc8321240db315ee512a8f1d121b3003b34,2021-02-15 11:46:34 PM,Withdrawal,15
5b36db3c61136c8e6a3f45e68141fae4b116aac57f2fd4ccfe9dd6d15406053b,2021-02-16 04:16:35 AM,Deposit,242
d1f7e25ac0f648320248f7299deaa4675385a347d85c5c8c402110ca3563f24d,2021-02-16 04:30:20 PM,Deposit,107
4ea3e41b6c50b7fdef271511f9ab8cc8321240db315ee512a8f1d121b3003b34,2021-02-16 08:29:04 PM,Withdrawal,99
644c498b46c62ecd2be71742e527f3d3f212db62e275cd614b7a6ab2bde5eb53,2021-02-17 03:35:12 AM,Withdrawal,102
d7d1d82915bdd7ce3050117fcdc9d778485c4e7ab87f7dc8fdd19d9b04558a51,2021-02-18 02:27:36 AM,Withdrawal,272
22bf124c00caff3ec8ce65ef5854a3782b276bb106aa860d6bb9ff6046146528,2021-02-18 04:14:59 AM,Withdrawal,29
09bb1818b783404a6436ec176e07070323b58537035f6d3360043c3d8b333b14,2021-02-18 03:08:45 PM,Deposit,132
d1f7e25ac0f648320248f7299deaa4675385a347d85c5c8c402110ca3563f24d,2021-02-20 08:53:36 AM,Withdrawal,100000
22bf124c00caff3ec8ce65ef5854a3782b276bb106aa860d6bb9ff6046146528,2021-02-21 05:50:29 AM,Deposit,161
09bb1818b783404a6436ec176e07070323b58537035f6d3360043c3d8b333b14,2021-02-22 08:10:24 AM,Deposit,237
d67c6a0e6cc5fdede02a7932d4e3401d3b4649d25465f89b205bf556a07ae721,2021-02-22 06:58:22 PM,Withdrawal,204
644c498b46c62ecd2be71742e527f3d3f212db62e275cd614b7a6ab2bde5eb53,2021-02-23 12:08:37 AM,Deposit,111
5b36db3c61136c8e6a3f45e68141fae4b116aac57f2fd4ccfe9dd6d15406053b,2021-02-25 03:36:15 PM,Withdrawal,89
644c498b46c62ecd2be71742e527f3d3f212db62e275cd614b7a6ab2bde5eb53,2021-02-28 10:22:02 AM,Withdrawal,123
09bb1818b783404a6436ec176e07070323b58537035f6d3360043c3d8b333b14,2021-03-01 04:19:35 AM,Deposit,106
4ea3e41b6c50b7fdef271511f9ab8cc8321240db315ee512a8f1d121b3003b34,2021-03-02 05:41:45 PM,Withdrawal,197
d1f7e25ac0f648320248f7299deaa4675385a347d85c5c8c402110ca3563f24d,2021-03-03 03:48:59 AM,Withdrawal,133
d67c6a0e6cc5fdede02a7932d4e3401d3b4649d25465f89b205bf556a07ae721,2021-03-04 06:50:29 AM,Withdrawal,85
5b36db3c61136c8e6a3f45e68141fae4b116aac57f2fd4ccfe9dd6d15406053b,2021-03-05 01:23:22 PM,Withdrawal,231
8897b544bcd23cc7dd51ca2f932813d8513d2a53ae87c54398a2a8c1d2c1021d,2021-03-05 02:17:49 PM,Deposit,205
d7d1d82915bdd7ce3050117fcdc9d778485c4e7ab87f7dc8fdd19d9b04558a51,2021-03-06 04:03:31 PM,Withdrawal,160
d1f7e25ac0f648320248f7299deaa4675385a347d85c5c8c402110ca3563f24d,2021-03-07 08:55:48 AM,Deposit,73
4ea3e41b6c50b7fdef271511f9ab8cc8321240db315ee512a8f1d121b3003b34,2021-03-07 05:50:22 PM,Deposit,288
c00b205c6596a77b7328456b28f88258cdc2623042531d98e4cc961df5eb952a,2021-03-08 01:42:13 AM,Withdrawal,192
d1f7e25ac0f648320248f7299deaa4675385a347d85c5c8c402110ca3563f24d,2021-03-08 02:11:35 AM,Withdrawal,100000
d1f7e25ac0f648320248f7299deaa4675385a347d85c5c8c402110ca3563f24d,2021-03-08 07:37:42 AM,Deposit,235
09bb1818b783404a6436ec176e07070323b58537035f6d3360043c3d8b333b14,2021-03-08 04:42:11 PM,Withdrawal,37
644c498b46c62ecd2be71742e527f3d3f212db62e275cd614b7a6ab2bde5eb53,2021-03-09 12:35:04 PM,Withdrawal,282
8897b544bcd23cc7dd51ca2f932813d8513d2a53ae87c54398a2a8c1d2c1021d,2021-03-10 05:21:39 AM,Withdrawal,184
644c498b46c62ecd2be71742e527f3d3f212db62e275cd614b7a6ab2bde5eb53,2021-03-11 07:32:27 AM,Deposit,165
d1f7e25ac0f648320248f7299deaa4675385a347d85c5c8c402110ca3563f24d,2021-03-12 03:01:34 PM,Deposit,29
d7d1d82915bdd7ce3050117fcdc9d778485c4e7ab87f7dc8fdd19d9b04558a51,2021-03-15 04:20:49 AM,Withdrawal,15
4ea3e41b6c50b7fdef271511f9ab8cc8321240db315ee512a8f1d121b3003b34,2021-03-15 05:33:01 AM,Withdrawal,15
09bb1818b783404a6436ec176e07070323b58537035f6d3360043c3d8b333b14,2021-03-15 07:41:09 AM,Withdrawal,15
d67c6a0e6cc5fdede02a7932d4e3401d3b4649d25465f89b205bf556a07ae721,2021-03-15 05:09:06 PM,Withdrawal,15
8897b544bcd23cc7dd51ca2f932813d8513d2a53ae87c54398a2a8c1d2c1021d,2021-03-15 05:28:55 PM,Withdrawal,15
d7d1d82915bdd7ce3050117fcdc9d778485c4e7ab87f7dc8fdd19d9b04558a51,2021-03-18 06:11:27 AM,Deposit,294
d67c6a0e6cc5fdede02a7932d4e3401d3b4649d25465f89b205bf556a07ae721,2021-03-18 09:20:25 AM,Deposit,47
644c498b46c62ecd2be71742e527f3d3f212db62e275cd614b7a6ab2bde5eb53,2021-03-19 05:31:41 AM,Deposit,123
d1f7e25ac0f648320248f7299deaa4675385a347d85c5c8c402110ca3563f24d,2021-03-20 01:16:45 AM,Withdrawal,44
d67c6a0e6cc5fdede02a7932d4e3401d3b4649d25465f89b205bf556a07ae721,2021-03-20 03:07:28 AM,Withdrawal,288
09bb1818b783404a6436ec176e07070323b58537035f6d3360043c3d8b333b14,2021-03-21 01:10:58 PM,Deposit,296
4ea3e41b6c50b7fdef271511f9ab8cc8321240db315ee512a8f1d121b3003b34,2021-03-21 05:03:04 PM,Withdrawal,262
c00b205c6596a77b7328456b28f88258cdc2623042531d98e4cc961df5eb952a,2021-03-22 08:04:33 AM,Deposit,286
d7d1d82915bdd7ce3050117fcdc9d778485c4e7ab87f7dc8fdd19d9b04558a51,2021-03-22 10:31:32 AM,Withdrawal,244
22bf124c00caff3ec8ce65ef5854a3782b276bb106aa860d6bb9ff6046146528,2021-03-25 01:21:25 PM,Withdrawal,168
d67c6a0e6cc5fdede02a7932d4e3401d3b4649d25465f89b205bf556a07ae721,2021-03-26 10:22:06 AM,Withdrawal,40
d67c6a0e6cc5fdede02a7932d4e3401d3b4649d25465f89b205bf556a07ae721,2021-03-26 11:24:37 AM,Withdrawal,210
d1f7e25ac0f648320248f7299deaa4675385a347d85c5c8c402110ca3563f24d,2021-03-27 04:55:14 PM,Withdrawal,100000
d1f7e25ac0f648320248f7299deaa4675385a347d85c5c8c402110ca3563f24d,2021-03-28 10:02:01 AM,Withdrawal,149
644c498b46c62ecd2be71742e527f3d3f212db62e275cd614b7a6ab2bde5eb53,2021-03-30 06:44:11 AM,Withdrawal,80
d1f7e25ac0f648320248f7299deaa4675385a347d85c5c8c402110ca3563f24d,2021-03-31 04:24:11 PM,Withdrawal,223
4ea3e41b6c50b7fdef271511f9ab8cc8321240db315ee512a8f1d121b3003b34,2021-04-01 03:05:06 AM,Withdrawal,192
644c498b46c62ecd2be71742e527f3d3f212db62e275cd614b7a6ab2bde5eb53,2021-04-01 05:56:02 AM,Deposit,147
d1f7e25ac0f648320248f7299deaa4675385a347d85c5c8c402110ca3563f24d,2021-04-01 09:48:18 PM,Deposit,254
d67c6a0e6cc5fdede02a7932d4e3401d3b4649d25465f89b205bf556a07ae721,2021-04-03 04:51:28 AM,Withdrawal,24
22bf124c00caff3ec8ce65ef5854a3782b276bb106aa860d6bb9ff6046146528,2021-04-03 07:36:51 PM,Deposit,227
09bb1818b783404a6436ec176e07070323b58537035f6d3360043c3d8b333b14,2021-04-03 07:47:55 PM,Deposit,236
8897b544bcd23cc7dd51ca2f932813d8513d2a53ae87c54398a2a8c1d2c1021d,2021-04-03 10:51:47 PM,Deposit,232
5b36db3c61136c8e6a3f45e68141fae4b116aac57f2fd4ccfe9dd6d15406053b,2021-04-04 06:43:36 AM,Deposit,263
8897b544bcd23cc7dd51ca2f932813d8513d2a53ae87c54398a2a8c1d2c1021d,2021-04-05 01:05:04 PM,Deposit,145
c00b205c6596a77b7328456b28f88258cdc2623042531d98e4cc961df5eb952a,2021-04-07 05:34:13 AM,Deposit,250
d7d1d82915bdd7ce3050117fcdc9d778485c4e7ab87f7dc8fdd19d9b04558a51,2021-04-07 06:18:34 PM,Withdrawal,223
644c498b46c62ecd2be71742e527f3d3f212db62e275cd614b7a6ab2bde5eb53,2021-04-09 09:09:53 AM,Withdrawal,288
22bf124c00caff3ec8ce65ef5854a3782b276bb106aa860d6bb9ff6046146528,2021-04-11 03:29:32 PM,Withdrawal,261
09bb1818b783404a6436ec176e07070323b58537035f6d3360043c3d8b333b14,2021-04-11 09:07:05 PM,Deposit,155
d7d1d82915bdd7ce3050117fcdc9d778485c4e7ab87f7dc8fdd19d9b04558a51,2021-04-12 11:48:52 PM,Withdrawal,191
d67c6a0e6cc5fdede02a7932d4e3401d3b4649d25465f89b205bf556a07ae721,2021-04-13 08:02:36 AM,Deposit,119
d1f7e25ac0f648320248f7299deaa4675385a347d85c5c8c402110ca3563f24d,2021-04-13 10:32:03 PM,Withdrawal,139
5b36db3c61136c8e6a3f45e68141fae4b116aac57f2fd4ccfe9dd6d15406053b,2021-04-14 07:07:31 PM,Withdrawal,47
d67c6a0e6cc5fdede02a7932d4e3401d3b4649d25465f89b205bf556a07ae721,2021-04-15 03:32:28 AM,Withdrawal,15
8897b544bcd23cc7dd51ca2f932813d8513d2a53ae87c54398a2a8c1d2c1021d,2021-04-15 04:55:46 AM,Deposit,98
d7d1d82915bdd7ce3050117fcdc9d778485c4e7ab87f7dc8fdd19d9b04558a51,2021-04-15 05:45:27 AM,Withdrawal,15
8897b544bcd23cc7dd51ca2f932813d8513d2a53ae87c54398a2a8c1d2c1021d,2021-04-15 12:49:55 PM,Withdrawal,15
09bb1818b783404a6436ec176e07070323b58537035f6d3360043c3d8b333b14,2021-04-15 07:47:42 PM,Withdrawal,15
4ea3e41b6c50b7fdef271511f9ab8cc8321240db315ee512a8f1d121b3003b34,2021-04-15 11:43:06 PM,Withdrawal,15
09bb1818b783404a6436ec176e07070323b58537035f6d3360043c3d8b333b14,2021-04-16 12:17:36 AM,Deposit,245
d1f7e25ac0f648320248f7299deaa4675385a347d85c5c8c402110ca3563f24d,2021-04-17 01:33:32 AM,Withdrawal,247
d67c6a0e6cc5fdede02a7932d4e3401d3b4649d25465f89b205bf556a07ae721,2021-04-17 01:12:33 PM,Deposit,164
5b36db3c61136c8e6a3f45e68141fae4b116aac57f2fd4ccfe9dd6d15406053b,2021-04-17 10:45:13 PM,Deposit,90
d1f7e25ac0f648320248f7299deaa4675385a347d85c5c8c402110ca3563f24d,2021-04-19 03:59:48 AM,Withdrawal,77
644c498b46c62ecd2be71742e527f3d3f212db62e275cd614b7a6ab2bde5eb53,2021-04-21 12:28:11 PM,Withdrawal,298
d7d1d82915bdd7ce3050117fcdc9d778485c4e7ab87f7dc8fdd19d9b04558a51,2021-04-22 02:08:21 PM,Withdrawal,38
5b36db3c61136c8e6a3f45e68141fae4b116aac57f2fd4ccfe9dd6d15406053b,2021-04-22 04:46:12 PM,Deposit,152
09bb1818b783404a6436ec176e07070323b58537035f6d3360043c3d8b333b14,2021-04-23 04:46:27 AM,Withdrawal,145
d67c6a0e6cc5fdede02a7932d4e3401d3b4649d25465f89b205bf556a07ae721,2021-04-23 10:54:11 AM,Withdrawal,73
c00b205c6596a77b7328456b28f88258cdc2623042531d98e4cc961df5eb952a,2021-04-23 07:06:28 PM,Deposit,129
d1f7e25ac0f648320248f7299deaa4675385a347d85c5c8c402110ca3563f24d,2021-04-24 05:58:16 PM,Deposit,109
d7d1d82915bdd7ce3050117fcdc9d778485c4e7ab87f7dc8fdd19d9b04558a51,2021-04-25 09:16:49 PM,Withdrawal,57
d7d1d82915bdd7ce3050117fcdc9d778485c4e7ab87f7dc8fdd19d9b04558a51,2021-04-26 03:34:31 PM,Deposit,96
d1f7e25ac0f648320248f7299deaa4675385a347d85c5c8c402110ca3563f24d,2021-04-27 01:51:25 AM,Deposit,251
c00b205c6596a77b7328456b28f88258cdc2623042531d98e4cc961df5eb952a,2021-04-27 04:34:37 AM,Deposit,205
d67c6a0e6cc5fdede02a7932d4e3401d3b4649d25465f89b205bf556a07ae721,2021-04-28 09:31:18 AM,Withdrawal,170
4ea3e41b6c50b7fdef271511f9ab8cc8321240db315ee512a8f1d121b3003b34,2021-04-28 08:04:03 PM,Withdrawal,42
09bb1818b783404a6436ec176e07070323b58537035f6d3360043c3d8b333b14,2021-04-29 05:38:20 AM,Deposit,246
8897b544bcd23cc7dd51ca2f932813d8513d2a53ae87c54398a2a8c1d2c1021d,2021-04-29 06:51:45 AM,Withdrawal,218
d1f7e25ac0f648320248f7299deaa4675385a347d85c5c8c402110ca3563f24d,2021-04-29 07:24:43 PM,Withdrawal,100000
5b36db3c61136c8e6a3f45e68141fae4b116aac57f2fd4ccfe9dd6d15406053b,2021-04-30 10:25:23 PM,Deposit,106
8897b544bcd23cc7dd51ca2f932813d8513d2a53ae87c54398a2a8c1d2c1021d,2021-05-01 01:40:37 PM,Withdrawal,107
09bb1818b783404a6436ec176e07070323b58537035f6d3360043c3d8b333b14,2021-05-02 02:27:22 PM,Withdrawal,180
d7d1d82915bdd7ce3050117fcdc9d778485c4e7ab87f7dc8fdd19d9b04558a51,2021-05-03 03:32:24 AM,Deposit,191
c00b205c6596a77b7328456b28f88258cdc2623042531d98e4cc961df5eb952a,2021-05-03 03:31:18 PM,Deposit,22
4ea3e41b6c50b7fdef271511f9ab8cc8321240db315ee512a8f1d121b3003b34,2021-05-03 11:37:49 PM,Withdrawal,51
8897b544bcd23cc7dd51ca2f932813d8513d2a53ae87c54398a2a8c1d2c1021d,2021-05-04 12:06:37 AM,Deposit,174
c00b205c6596a77b7328456b28f88258cdc2623042531d98e4cc961df5eb952a,2021-05-04 10:21:31 AM,Deposit,278
d1f7e25ac0f648320248f7299deaa4675385a347d85c5c8c402110ca3563f24d,2021-05-05 01:33:22 PM,Withdrawal,100000
22bf124c00caff3ec8ce65ef5854a3782b276bb106aa860d6bb9ff6046146528,2021-05-06 12:03:24 AM,Deposit,91
4ea3e41b6c50b7fdef271511f9ab8cc8321240db315ee512a8f1d121b3003b34,2021-05-06 03:44:33 AM,Withdrawal,165
5b36db3c61136c8e6a3f45e68141fae4b116aac57f2fd4ccfe9dd6d15406053b,2021-05-06 04:03:43 PM,Withdrawal,78
d7d1d82915bdd7ce3050117fcdc9d778485c4e7ab87f7dc8fdd19d9b04558a51,2021-05-09 11:20:30 PM,Withdrawal,134
5b36db3c61136c8e6a3f45e68141fae4b116aac57f2fd4ccfe9dd6d15406053b,2021-05-10 02:42:55 AM,Withdrawal,123
d1f7e25ac0f648320248f7299deaa4675385a347d85c5c8c402110ca3563f24d,2021-05-10 02:02:33 PM,Withdrawal,204
d7d1d82915bdd7ce3050117fcdc9d778485c4e7ab87f7dc8fdd19d9b04558a51,2021-05-10 02:35:55 PM,Deposit,76
